{
  "test/flpSandbox.html": 1744985478769,
  "manifest.json": 1745003735174,
  "test/integration/pages/RisksList.js": 1744985478785,
  "test/integration/opaTests.qunit.js": 1744985478781,
  "test/integration/FirstJourney.js": 1744985478785,
  "test/testsuite.qunit.js": 1744985478777,
  "xs-app.json": 1745330197390,
  "test/integration/pages/RisksObjectPage.js": 1744985478785,
  "Component.js": 1744985478761,
  "test/integration/pages/RisksList-dbg.js": 1744985478785,
  "test/integration/pages/RisksList.js.map": 1745330203444,
  "test/integration/opaTests.qunit-dbg.js": 1744985478781,
  "test/integration/opaTests.qunit.js.map": 1745330203444,
  "test/integration/FirstJourney-dbg.js": 1744985478785,
  "test/integration/FirstJourney.js.map": 1745330203448,
  "test/testsuite.qunit-dbg.js": 1744985478777,
  "test/testsuite.qunit.js.map": 1745330203446,
  "test/integration/pages/RisksObjectPage-dbg.js": 1744985478785,
  "test/integration/pages/RisksObjectPage.js.map": 1745330203446,
  "Component-dbg.js": 1744985478761,
  "Component.js.map": 1745330203446,
  "Component-preload.js": 1745330203620,
  "Component-preload.js.map": 1745330203620,
  "test/integration/opaTests.qunit.html": 1744985478781,
  "test/testsuite.qunit.html": 1744985478777,
  "i18n/i18n.properties": 1744985502133,
  "index.html": 1744985478761
}